system,method,binding_energy_eV,cc_binding_energy_eV,absolute_error_eV
AlH3PH3,wB97M,-0.7015269888383493,-0.8151885383118032,0.11366154947345386
AlH3PH3,wB97M-D4,-0.8249233123572921,-0.8151885383118032,0.009734774045488948
AlH3PH3,HSE06,-0.842059339854055,-0.8151885383118032,0.026870801542251854
AlH3PH3,HSE06-D4,-0.9448848558679579,-0.8151885383118032,0.12969631755615474
AlH3PH3,R2SCAN,-0.891586524671288,-0.8151885383118032,0.0763979863594848
AlH3PH3,R2SCAN-D4,-0.9224871544609066,-0.8151885383118032,0.10729861614910341
AlH3PH3,PBE,-0.8322785250970259,-0.8151885383118032,0.017089986785222777
AlH3PH3,PBE-D4,-0.9620927223503539,-0.8151885383118032,0.14690418403855077
BH3PH3,wB97M,-1.5510735503673736,-1.6428366726172676,0.09176312224989402
BH3PH3,wB97M-D4,-1.6804325335463979,-1.6428366726172676,0.037595860929130254
BH3PH3,HSE06,-1.8122395385953816,-1.6428366726172676,0.16940286597811394
BH3PH3,HSE06-D4,-1.8965114488888233,-1.6428366726172676,0.25367477627155566
BH3PH3,R2SCAN,-1.8715067395104583,-1.6428366726172676,0.2286700668931907
BH3PH3,R2SCAN-D4,-1.897227397094035,-1.6428366726172676,0.25439072447676736
BH3PH3,PBE,-1.8732321688298086,-1.6428366726172676,0.23039549621254096
BH3PH3,PBE-D4,-1.9837957916015405,-1.6428366726172676,0.3409591189842729
BH3NH3,wB97M,-1.8764738252647248,-1.9637804024866448,0.08730657722191992
BH3NH3,wB97M-D4,-1.9863876600274502,-1.9637804024866448,0.022607257540805392
BH3NH3,HSE06,-2.037457206534242,-1.9637804024866448,0.07367680404759724
BH3NH3,HSE06-D4,-2.090930179298031,-1.9637804024866448,0.12714977681138606
BH3NH3,R2SCAN,-2.058858285145048,-1.9637804024866448,0.09507788265840311
BH3NH3,R2SCAN-D4,-2.075973999138622,-1.9637804024866448,0.11219359665197715
BH3NH3,PBE,-2.037816792164543,-1.9637804024866448,0.07403638967789838
BH3NH3,PBE-D4,-2.1099198583342087,-1.9637804024866448,0.14613945584756394
C2H6,wB97M,-4.985196282377487,-5.016070781194024,0.030874498816537255
C2H6,wB97M-D4,-5.103326073265389,-5.016070781194024,0.08725529207136518
C2H6,HSE06,-4.888749066478589,-5.016070781194024,0.12732171471543552
C2H6,HSE06-D4,-4.942895919681867,-5.016070781194024,0.07317486151215746
C2H6,R2SCAN,-4.669165331816949,-5.016070781194024,0.34690544937707557
C2H6,R2SCAN-D4,-4.686817245936901,-5.016070781194024,0.32925353525712353
C2H6,PBE,-4.9610865948998395,-5.016070781194024,0.05498418629418467
C2H6,PBE-D4,-5.034329522853611,-5.016070781194024,0.01825874165958652
Si2H6,wB97M,-3.4332252191896444,-3.507035936469034,0.07381071727938959
Si2H6,wB97M-D4,-3.5568189750358528,-3.507035936469034,0.04978303856681876
Si2H6,HSE06,-3.305035637265462,-3.507035936469034,0.2020002992035721
Si2H6,HSE06-D4,-3.407558284124299,-3.507035936469034,0.09947765234473493
Si2H6,R2SCAN,-3.2174619128174022,-3.507035936469034,0.28957402365163176
Si2H6,R2SCAN-D4,-3.2477844227887793,-3.507035936469034,0.2592515136802547
Si2H6,PBE,-3.2933571064540317,-3.507035936469034,0.21367883001500232
Si2H6,PBE-D4,-3.423064064319668,-3.507035936469034,0.08397187214936608
LiF,wB97M,-6.009894085488046,-6.066325865490093,0.05643178000204685
LiF,wB97M-D4,-6.015613557513216,-6.066325865490093,0.05071230797687676
LiF,HSE06,-5.749004655262064,-6.066325865490093,0.3173212102280285
LiF,HSE06-D4,-5.754176131117154,-6.066325865490093,0.31214973437293914
LiF,R2SCAN,-5.881118196883495,-6.066325865490093,0.18520766860659776
LiF,R2SCAN-D4,-5.882502344517841,-6.066325865490093,0.1838235209722523
LiF,PBE,-6.034319793458099,-6.066325865490093,0.03200607203199368
LiF,PBE-D4,-6.041098603017593,-6.066325865490093,0.025227262472499845
LiCl,wB97M,-4.957547985291541,-4.985847997304559,0.028300012013017906
LiCl,wB97M-D4,-4.964307257790223,-4.985847997304559,0.021540739514335883
LiCl,HSE06,-4.749661640561664,-4.985847997304559,0.2361863567428948
LiCl,HSE06-D4,-4.759780777163508,-4.985847997304559,0.22606722014105074
LiCl,R2SCAN,-4.8751932215317115,-4.985847997304559,0.1106547757728471
LiCl,R2SCAN-D4,-4.87758393432696,-4.985847997304559,0.10826406297759839
LiCl,PBE,-4.7868297762969245,-4.985847997304559,0.1990182210076341
LiCl,PBE-D4,-4.7996323628004625,-4.985847997304559,0.18621563450409617
NaF,wB97M,-4.859165150631004,-5.00532626557357,0.14616111494256678
NaF,wB97M-D4,-4.865017753687706,-5.00532626557357,0.14030851188586446
NaF,HSE06,-4.654333905665084,-5.00532626557357,0.35099235990848676
NaF,HSE06-D4,-4.661521624146729,-5.00532626557357,0.343804641426841
NaF,R2SCAN,-4.843595200825876,-5.00532626557357,0.16173106474769483
NaF,R2SCAN-D4,-4.845380607884682,-5.00532626557357,0.1599456576888887
NaF,PBE,-4.941922268530684,-5.00532626557357,0.06340399704288657
NaF,PBE-D4,-4.951130708036143,-5.00532626557357,0.054195557537427774
NaCl,wB97M,-4.185847027748835,-4.310475389264614,0.12462836151577861
NaCl,wB97M-D4,-4.192672620624586,-4.310475389264614,0.11780276864002737
NaCl,HSE06,-4.052074388772146,-4.310475389264614,0.2584010004924675
NaCl,HSE06-D4,-4.066016072378915,-4.310475389264614,0.244459316885699
NaCl,R2SCAN,-4.214150589619173,-4.310475389264614,0.0963247996454406
NaCl,R2SCAN-D4,-4.217200456858766,-4.310475389264614,0.09327493240584772
NaCl,PBE,-4.067804527920259,-4.310475389264614,0.24267086134435445
NaCl,PBE-D4,-4.08501872355872,-4.310475389264614,0.2254566657058934
Mg(OH)2,wB97M,-7.739369801911273,-8.207263933861114,0.46789413194984064
Mg(OH)2,wB97M-D4,-7.783607695534961,-8.207263933861114,0.42365623832615285
Mg(OH)2,HSE06,-7.662654265607685,-8.207263933861114,0.5446096682534289
Mg(OH)2,HSE06-D4,-7.699479072279189,-8.207263933861114,0.5077848615819249
Mg(OH)2,R2SCAN,-7.975251518833872,-8.207263933861114,0.232012415027242
Mg(OH)2,R2SCAN-D4,-7.986547158449596,-8.207263933861114,0.22071677541151757
Mg(OH)2,PBE,-7.924948920163246,-8.207263933861114,0.28231501369786827
Mg(OH)2,PBE-D4,-7.971364866829312,-8.207263933861114,0.2358990670318022
CH3SiH3,wB97M,-4.429322181768335,-4.454034188488208,0.024712006719873614
CH3SiH3,wB97M-D4,-4.551182174647348,-4.454034188488208,0.09714798615913978
CH3SiH3,HSE06,-4.245820724948704,-4.454034188488208,0.20821346353950432
CH3SiH3,HSE06-D4,-4.323601271726002,-4.454034188488208,0.13043291676220647
CH3SiH3,R2SCAN,-4.130335259130227,-4.454034188488208,0.32369892935798106
CH3SiH3,R2SCAN-D4,-4.154277807326068,-4.454034188488208,0.29975638116214043
CH3SiH3,PBE,-4.261481125791676,-4.454034188488208,0.1925530626965326
CH3SiH3,PBE-D4,-4.3632201236505495,-4.454034188488208,0.09081406483765875
Mg(SH)2,wB97M,-5.534456148384187,-5.895964856609098,0.36150870822491044
Mg(SH)2,wB97M-D4,-5.5931956669101766,-5.895964856609098,0.3027691896989211
Mg(SH)2,HSE06,-5.624669602186486,-5.895964856609098,0.27129525442261126
Mg(SH)2,HSE06-D4,-5.692283799903329,-5.895964856609098,0.20368105670576853
Mg(SH)2,R2SCAN,-5.86170627103499,-5.895964856609098,0.03425858557410777
Mg(SH)2,R2SCAN-D4,-5.8816807703018625,-5.895964856609098,0.0142840863072351
Mg(SH)2,PBE,-5.6712281218097615,-5.895964856609098,0.2247367347993361
Mg(SH)2,PBE-D4,-5.753126050794101,-5.895964856609098,0.1428388058149963
