system,method,equilibrium_distance_A,minimum_binding_energy_eV,spring_constant_N_m
BH3NH3,Coupled cluster,1.6447716390312652,-1.9666,224.92918672324814
BH3NH3,HSE06,1.648530415904893,-2.021462622694912,210.67304372384626
BH3NH3,HSE06-D4,1.6484577975337633,-2.074931601499946,210.53887301184926
BH3NH3,PBE,1.6587115265299202,-2.031671550757485,200.3637706930759
BH3NH3,PBE-D4,1.6584753137492045,-2.1037630696598306,200.2395666410286
BH3NH3,R2SCAN,1.6551425971756533,-2.0344065574353216,212.17547337169512
BH3NH3,R2SCAN-D4,1.655159622658526,-2.0515232251008584,212.12653609007
BH3NH3,wB97M,1.6609024664244894,-1.8653799519443428,201.19440520180692
BH3NH3,wB97M-D4,1.659797390077593,-1.975233030722631,201.19597397716035
BH3PH3,Coupled cluster,1.9222408370210755,-1.6476,180.95300143509704
BH3PH3,HSE06,1.9170997292643255,-1.8018301683748987,185.3319291989411
BH3PH3,HSE06-D4,1.9162873224102899,-1.886277315757777,196.04338735155872
BH3PH3,PBE,1.9203835201385018,-1.8619141867295035,187.5395584943724
BH3PH3,PBE-D4,1.9191249047838144,-1.9722389242194005,187.73594204397713
BH3PH3,R2SCAN,1.9136380423704116,-1.8553368112759188,195.81870709438303
BH3PH3,R2SCAN-D4,1.9135105484489794,-1.8810539506181705,195.8454615353959
BH3PH3,wB97M,1.9345154228937693,-1.5427157756853092,172.19968410135272
BH3PH3,wB97M-D4,1.932169341905306,-1.6720157029787188,172.30935365197575
C2H6,Coupled cluster,1.522693603156206,-5.0087,468.5829302618693
C2H6,HSE06,1.5199174797280552,-4.883581392472454,464.5370413447135
C2H6,HSE06-D4,1.5198002127093615,-4.937731510878066,464.64053635960073
C2H6,PBE,1.5312401282646804,-4.952031507453793,434.5122826218518
C2H6,PBE-D4,1.5310000725135084,-5.025275858810787,434.68299668065146
C2H6,R2SCAN,1.5236535138780518,-4.657794707405081,458.91806957577546
C2H6,R2SCAN-D4,1.5236353797708606,-4.675447202858404,458.9402285636142
C2H6,wB97M,1.5251147501637998,-4.971557813867594,469.521012325117
C2H6,wB97M-D4,1.5244423218009044,-5.089702075293584,469.8740845804132
CH3SiH3,Coupled cluster,1.8649562606323435,-4.4516,314.35228674950463
CH3SiH3,HSE06,1.8743247999573227,-4.2263917670472,303.40067151670803
CH3SiH3,HSE06-D4,1.8738904379349701,-4.304143932990417,303.44323295645654
CH3SiH3,PBE,1.8872157780553993,-4.237534482462259,274.09129571094627
CH3SiH3,PBE-D4,1.8864094770059177,-4.339218408611934,274.134146448402
CH3SiH3,R2SCAN,1.8737431779411713,-4.104446277061484,300.73604248137735
CH3SiH3,R2SCAN-D4,1.8736618314411149,-4.1283834918807685,300.73740446086407
CH3SiH3,wB97M,1.8734228056126643,-4.407375272018037,307.1128448903911
CH3SiH3,wB97M-D4,1.8720706156384894,-4.529159543636688,307.05977884573963
LiCl,Coupled cluster,2.021201987916378,-4.9812,143.81120363193565
LiCl,HSE06,2.0335198895071818,-4.703224515204047,145.86154887078294
LiCl,HSE06-D4,2.0335229846920457,-4.71334397105332,145.85482489339103
LiCl,PBE,2.03594343330931,-4.743857360800844,144.80124898733308
LiCl,PBE-D4,2.035934658063375,-4.756659015518146,144.7975314488767
LiCl,R2SCAN,2.0445604622358062,-4.832795772229304,142.93883793136638
LiCl,R2SCAN-D4,2.044564778905354,-4.835186968542317,142.9354546476065
LiCl,wB97M,2.0372963806744493,-4.912043039316568,141.03692987409826
LiCl,wB97M-D4,2.037299793770281,-4.918802592456419,141.03054205962528
LiF,Coupled cluster,1.5650823182251141,-6.0669,257.12061369703946
LiF,HSE06,1.591890134331774,-5.579818849607216,245.00132763893785
LiF,HSE06-D4,1.5918731019059078,-5.584982755697766,244.9943615980856
LiF,PBE,1.5982481741087362,-5.911683851258202,233.28577070812835
LiF,PBE-D4,1.5982228360678057,-5.918454152094023,233.27747783327234
LiF,R2SCAN,1.5995272276225407,-5.729471820296125,236.8751977272922
LiF,R2SCAN-D4,1.5995231061213235,-5.730854270864681,236.87276556767105
LiF,wB97M,1.5974707710147056,-5.8575335617873865,234.70016257289717
LiF,wB97M-D4,1.5974496378458607,-5.863244637624913,234.69301931473504
MgO,Coupled cluster,1.738184334313878,-2.6885,374.25603172677
MgO,HSE06,1.7490030966565255,-1.910093486621804,365.3668011087271
MgO,HSE06-D4,1.7488874188397414,-1.9280855054212296,365.29380545537344
MgO,PBE,1.762240575645171,-2.7635536869281623,353.4715105383919
MgO,PBE-D4,1.762082784469773,-2.786797796868054,353.3844923639378
MgO,R2SCAN,1.751193133403337,-2.380595455960062,377.03357338287105
MgO,R2SCAN-D4,1.7511660813753307,-2.3851937972597597,377.01331180102244
MgO,wB97M,1.7462395798222443,-1.8276303046939404,389.98941158298686
MgO,wB97M-D4,1.7461377630664037,-1.844138046679106,389.92320033209387
MgS,Coupled cluster,2.1398147028186325,-2.2759,231.93101669526118
MgS,HSE06,2.1428774714461234,-2.0665184002165304,236.84725396540497
MgS,HSE06-D4,2.1428038326776178,-2.100649785681359,236.86441332291412
MgS,PBE,2.1583343212814268,-2.339563605868417,218.84548729750173
MgS,PBE-D4,2.158202992343911,-2.3821349403011176,218.88278406412147
MgS,R2SCAN,2.144248724733638,-2.3316792201842205,244.11505029150717
MgS,R2SCAN-D4,2.1442393652151934,-2.339363819138242,244.11466458407307
MgS,wB97M,2.139663735766332,-1.9012196595353856,235.56198688840462
MgS,wB97M-D4,2.139628732066027,-1.9200904530040575,235.5675522788632
NaCl,Coupled cluster,2.361531703019018,-4.3044,109.97918566632076
NaCl,HSE06,2.364086672706044,-4.061958593086635,109.22536647717855
NaCl,HSE06-D4,2.364063742868967,-4.075900104631787,109.18370170245205
NaCl,PBE,2.372705552522447,-4.079227662719132,104.6430721118544
NaCl,PBE-D4,2.3726443364803798,-4.096441487691003,104.59441117916921
NaCl,R2SCAN,2.3699033676590715,-4.219660656724702,107.49812152444993
NaCl,R2SCAN-D4,2.369908133967566,-4.222710546827969,107.48557746821662
NaCl,wB97M,2.3682142408423137,-4.200906409858266,106.74221958700964
NaCl,wB97M-D4,2.368213625267585,-4.207732000675293,106.7168444152279
NaF,Coupled cluster,1.9273942182043382,-5.0024,173.67930457152713
NaF,HSE06,1.938383058223423,-4.6319068213486005,166.52136629388613
NaF,HSE06-D4,1.9383442668938318,-4.639091933797824,166.4877854757455
NaF,PBE,1.9546071162254017,-4.928723882265816,160.52208337239875
NaF,PBE-D4,1.9545515725676532,-4.9379309779188745,160.47829508726923
NaF,R2SCAN,1.941984822528835,-4.820207210291509,168.62029967531504
NaF,R2SCAN-D4,1.941977504538569,-4.8219921886102455,168.61101816280112
NaF,wB97M,1.9454616504629636,-4.847445012263339,170.45903984342328
NaF,wB97M-D4,1.9454308309707002,-4.8532958498279655,170.43202506400945
